Designator,Footprint,Quantity,Value,LCSC Part #
"D1, D10, D11, D12, D13, D14, D15, D16, D17, D18, D19, D2, D20, D21, D22, D23, D24, D25, D3, D4, D5, D6, D7, D8, D9",Diode-dual,25,DIODE,
FID1,Fiducial_0.5mm_Mask1mm,1,Fiducial,
JPSH1,SolderJumper-3_P2.0mm_Open_TrianglePad1.0x1.5mm,1,Jumper_3_Open,
"JPSP2, JPSP3",SolderJumper-2_P1.3mm_Open_TrianglePad1.0x1.5mm,2,Jumper_2_Open,
"RSW1, RSW2, RSW3",RotaryEncoder_EC11,3,RotaryEncoder_Switch,
"SW1, SW10, SW11, SW12, SW13, SW14, SW15, SW16, SW17, SW19, SW2, SW21, SW3, SW4, SW5, SW6, SW7, SW8, SW9",SW_Cherry_MX_1.00u_PCB_WITH_SK6812MINI-E,19,SW_Push,
"SW18, SW20, SW22",SW_Cherry_MX_2.00u_PCB_WITH_SK6812MINI-E,3,SW_Push,
U1,KB2040 through hole only (top mount with hotpins 3d model view),1,KB2040,
